{
    " Cesarine Prinz\\t": 2.9876939988052635,
    " Daniel Newman": 6.265572521787044,
    "'Big Bill' Giddinger": 8.308312359975274,
    "'Big' Lee": 6.858628037355508,
    "'Chicken' Holleman": 8.829660643989882,
    "'Crazy George' Henderson": 5.1466925521158124,
    "'Evil' Ted Smith": 1.9312619068960315,
    "'Kecske' Moln\u00e1r Levente": 8.07434716452099,
    "'King Kong' Kashey": 5.07456321151844,
    "'Little Billy' Rhodes": 5.5602198802886456,
    "'Monsewer' Eddie Gray": 8.229847152114075,
    "'Pepsi' Vijayan": 4.211521760568527,
    "'Speedy' Wilson": 5.8972027638782185,
    "'Squeeks' the Caterpillar": 9.810070486136915,
    "2 Tuff Tony": 7.486112282773021,
    "40 Glocc": 9.525700336285793,
    "50 Cent": 6.452291673907339,
    "9 Million Sam": 4.374421957690022,
    "A Martinez": 6.763313553743128,
    "A-Saku Yoshida": 3.4008866429439832,
    "A. Andriyenko-Zemskov": 4.916311948734387,
    "A. Arnold": 5.003940341694357
}