{
    "Argentina": 0.3600271940231323,
    "Australia": -0.06709127873182297,
    "Canada": -0.07924704253673553,
    "France": 0.05040571838617325,
    "Germany": 0.03470849245786667,
    "Hong Kong": 0.19316983222961426,
    "India": 0.22975724935531616,
    "Italy": 0.13853996992111206,
    "Japan": 0.11516144871711731,
    "Mexico": -0.09997256100177765,
    "Netherlands": -0.05905437096953392,
    "South Korea": -0.04550563544034958,
    "Spain": 0.040768712759017944,
    "United Kingdom": -0.07779958844184875,
    "United States of America": -0.19613996148109436
}