{
    "Action": -0.01834471896290779,
    "Action/Adventure": 0.19972218573093414,
    "Adventure": 0.02297060191631317,
    "Animation": 0.19664089381694794,
    "Black-and-white": 0.46274131536483765,
    "Comedy": 0.04080979526042938,
    "Comedy film": -0.06033840775489807,
    "Crime Fiction": 0.039132680743932724,
    "Documentary": 0.043027617037296295,
    "Drama": 0.02184654027223587,
    "Family Film": 0.18242886662483215,
    "Fantasy": -0.008669723756611347,
    "Horror": 0.18756960332393646,
    "Indie": -0.06321104615926743,
    "Musical": 0.06929684430360794,
    "Mystery": 0.11868159472942352,
    "Romance Film": -0.007481910288333893,
    "Romantic comedy": 0.11642713844776154,
    "Romantic drama": 0.03440489619970322,
    "Science Fiction": 0.10706688463687897,
    "Short Film": 0.2543196380138397,
    "Silent film": -0.12412025034427643,
    "Thriller": -0.04713909327983856,
    "War film": 0.135028675198555,
    "World cinema": 0.048842404037714005
}