{
    "Cantonese": 0.27885955572128296,
    "English": 0.0500430166721344,
    "French": 0.17828477919101715,
    "German": 0.12617196142673492,
    "Hindi": -0.054659247398376465,
    "Italian": 0.28667548298835754,
    "Japanese": 0.2713107168674469,
    "Korean": 0.07624197751283646,
    "Malayalam": 0.3782719373703003,
    "Russian": 0.17039038240909576,
    "Silent film": 0.45600953698158264,
    "Spanish": 0.14030160009860992,
    "Standard Mandarin": 0.14455066621303558,
    "Tamil": 0.21648502349853516,
    "Telugu": 0.24827398359775543
}