{
    "runtime": 0.0027364823035895824,
    "isAdult": 0.3677677512168884,
    "actors_score": 0.5535388588905334,
    "directors_score": 0.7363501191139221,
    "ethnicity_score": 0.03513866662979126
}