{
    "1.0": 0.09452374279499054,
    "2.0": 0.07287278771400452,
    "3.0": 0.07687431573867798,
    "4.0": 0.06175289303064346,
    "5.0": 0.014618806540966034,
    "6.0": 0.11643220484256744,
    "7.0": 0.12560728192329407,
    "8.0": 0.10192355513572693,
    "9.0": 0.04683789610862732,
    "10.0": 0.10416245460510254,
    "11.0": 0.058132823556661606,
    "12.0": 0.1357865333557129
}