{
    "runtime": 0.0027364709159196326,
    "isAdult": 0.3676314131538938,
    "actors_score": 0.5535388353054762,
    "directors_score": 0.7363503191221331,
    "ethnicity_score": 0.03514007812531761,
    "intercept": -2.4316546535017274
}