{
    "Action": -0.0183433723246071,
    "Action/Adventure": 0.19972272213084513,
    "Adventure": 0.022969925804729036,
    "Animation": 0.19665537099346275,
    "Black-and-white": 0.46273236867659356,
    "Comedy": 0.04080640620262829,
    "Comedy film": -0.060340110173108696,
    "Crime Fiction": 0.03913320927944387,
    "Documentary": 0.04303174188054851,
    "Drama": 0.02184608879596628,
    "Family Film": 0.18243039358680702,
    "Fantasy": -0.00867074710367633,
    "Horror": 0.1875683779089467,
    "Indie": -0.06322161191674158,
    "Musical": 0.06929553134441796,
    "Mystery": 0.1186771184611754,
    "Romance Film": -0.007480598248477903,
    "Romantic comedy": 0.11642841908127242,
    "Romantic drama": 0.034405836048307756,
    "Science Fiction": 0.10706829243135625,
    "Short Film": 0.2542870094954644,
    "Silent film": -0.1238451517976724,
    "Thriller": -0.04714247640413678,
    "War film": 0.1350279318824632,
    "World cinema": 0.048839494439389175
}