{
    "Cantonese": 0.27876610949736674,
    "English": 0.050044906153928245,
    "French": 0.17828362168093131,
    "German": 0.12617537037104073,
    "Hindi": -0.054658016040653325,
    "Italian": 0.28666611230770556,
    "Japanese": 0.2713081814077331,
    "Korean": 0.07628783352466383,
    "Malayalam": 0.3782811592178369,
    "Russian": 0.17038544044876744,
    "Silent film": 0.45565348383086035,
    "Spanish": 0.1403014599394403,
    "Standard Mandarin": 0.14459753662780997,
    "Tamil": 0.21648855227404,
    "Telugu": 0.24828150620286296
}