{
    "99%": 0.18070522468166825,
    "95%": 0.9101473499676301,
    "90%": 1.871380798792288,
    "85%": 2.535037815777704,
    "80%": 3.0550151375078496,
    "75%": 3.515252346028966,
    "70%": 3.9621720952158896,
    "65%": 4.4181224444395255,
    "60%": 4.886243475965572,
    "55%": 5.3461991374625555,
    "50%": 5.803490063558843,
    "45%": 6.224443280810444,
    "40%": 6.632223955998319,
    "35%": 7.048629205889227,
    "30%": 7.4666140055535575,
    "25%": 7.875883223336048,
    "20%": 8.268327818774786,
    "15%": 8.66096989202382,
    "10%": 9.089699688690324,
    "5%": 9.55278702749315,
    "1%": 9.909144836011704,
    "100%": 0.0,
    "0.1%": 10.0
}