{
    "Argentina": 0.3600350088011239,
    "Australia": -0.06708690914447919,
    "Canada": -0.07924527726836574,
    "France": 0.05040683740616588,
    "Germany": 0.03470911963220312,
    "Hong Kong": 0.19316276281970748,
    "India": 0.22975322518931793,
    "Italy": 0.1385530551023488,
    "Japan": 0.11517331292085052,
    "Mexico": -0.0999528781116183,
    "Netherlands": -0.05907325775447458,
    "South Korea": -0.04540556503215093,
    "Spain": 0.04075956439603925,
    "United Kingdom": -0.0777960997738701,
    "United States of America": -0.1961382553345898
}