{
    "1.0": 0.09452210510788996,
    "2.0": 0.07286806553108509,
    "3.0": 0.07687169953463917,
    "4.0": 0.06174779701159652,
    "5.0": 0.014617607112999021,
    "6.0": 0.11642959081483334,
    "7.0": 0.1256035289816144,
    "8.0": 0.10192062894848829,
    "9.0": 0.04683780014614504,
    "10.0": 0.10415770262108497,
    "11.0": 0.05812893893028433,
    "12.0": 0.13578454717340255
}